player,player2,team,hs acc,acc spotted,acc all,acc spray,counter strafe,crosshair_placement,time_to_damage,sens,teams,role,mouse,mouse2,length,width,height,size,weight,type,mouse_hertz,dpi,edpi,zoom_sens,accel,windows_sens,raw_input,hertz,resolution,aspect_ratio,mouse_pad,speed
AcilioN,AcilioN,Apeks,16.82%,38.93%,17.45%,41.53%,74.45%,11.09 °,528 ms,2.2,CPH Flames,Rifler,Zowie FK1+,Zowie FK1+,12.8,6.2,3.8,M,95,Ambidextrous,"1,000",400,880,1,0,6,1,240,1680x1050,16:10,Zowie G-SR DG,4
AdreN,AdreN,K23,18.57%,37.97%,17.84%,41.31%,80.67%,10.35 °,549 ms,2.5,K23,Rifler,Zowie FK1,Zowie FK1,12.8,6,3.7,M / S,90,Ambidextrous,"1,000",400,"1,000",0.85,0,6,1,240,1024x768,4:03,SteelSeries QcK Heavy,5
Aerial,Aerial,HAVU,15.65%,43.30%,23.18%,48.58%,83.64%,10.38 °,503 ms,2.2,HAVU,Rifler,Zowie EC2-A,Zowie EC2-A,12,6.4,4,M,93,Ergonomic,"1,000",400,880,1,0,6,1,360,1024x768,4:03,ASUS ENCE Edition,4
Aleksib,Aleksib,OG,16.56%,40.50%,16.86%,44.07%,82.99%,11.04 °,527 ms,1.05,OG,Rifler,Logitech G Pro Wireless,Logitech G Pro Wireless,12.5,6.35,4,M / L,80,Ambidextrous,"1,000",800,840,0.95,0,6,1,240,1440x1080,4:03,SteelSeries QcK Heavy,5
allu,allu,ENCE,20.04%,42.87%,23.06%,36.20%,78.52%,7.76 °,500 ms,3,ENCE,AWPer,Logitech G Pro Wireless,Logitech G Pro Wireless,12.5,6.35,4,M / L,80,Ambidextrous,"1,000",400,"1,200",1,0,6,1,360,1280x960,4:03,Logitech G640 ENCE Edition,5
almazer,almazer,forZe,22.46%,40.29%,18.75%,42.20%,83.06%,10.56 °,514 ms,2.9,forZe,Rifler,Logitech G Pro X Superlight Black,Logitech G Pro X Superlight,12.5,6.35,4,M / L,63,Ambidextrous,"1,000",400,"1,160",1,0,6,1,360,1280x960,4:03,Zowie G-SR DG,4
AmaNEk,AmaNEk,G2,23%,39.18%,18.43%,39.95%,83.24%,11.08 °,496 ms,2.2,G2,AWPer,Logitech G Pro X Superlight Black,Logitech G Pro X Superlight,12.5,6.35,4,M / L,63,Ambidextrous,"1,000",800,"1,760",1,0,6,1,240,1440x1080,4:03,Logitech G840,5
apEX,apEX,Vitality,16.95%,35.23%,14.20%,36.79%,73.29%,10.87 °,544 ms,1.6,Vitality,Rifler,Zowie EC1-A,Zowie EC1-A,12.8,6.9,4.3,L,94,Ergonomic,"1,000",400,640,1,0,6,1,240,1024x768,4:03,Corsair MM350 Champion Series,4
arT,arT,FURIA,17.21%,38.77%,15.64%,38.10%,81.25%,10.32 °,486 ms,1.8,FURIA,AWPer,Razer Viper Ultimate,Razer Viper Ultimate,12.67,6.62,3.781,M,74,Ambidextrous,"1,000",800,"1,440",1,0,6,1,240,1280x960,4:03,Esports Tiger Grandmaster Jin,3
Ax1Le,Ax1Le,Gambit,18.58%,42.99%,19.17%,44.24%,86.21%,10 °,500 ms,1.5,Gambit,Rifler,Logitech G Pro X Superlight White,Logitech G Pro X Superlight,12.5,6.35,4,M / L,63,Ambidextrous,"1,000",800,"1,200",1,0,6,1,240,1280x960,4:03,Razer Goliathus Control,6
b0RUP,b0RUP,Heroic,28.47%,39.72%,16.65%,39.50%,92.52%,10.82 °,574 ms,2,ML,Rifler,Zowie EC2-A,Zowie EC2-A,12,6.4,4,M,93,Ergonomic,"1,000",400,800,1,0,6,1,240,1280x960,4:03,SteelSeries QcK Heavy,5
b1t,B1T,Natus Vincere,32.23%,34.61%,16.29%,35.60%,79.84%,10.51 °,500 ms,1.42,NaVi,Rifler,Logitech G Pro X Superlight Black,Logitech G Pro X Superlight,12.5,6.35,4,M / L,63,Ambidextrous,"1,000",400,568,1,0,6,1,240,1280x960,4:03,Zowie G-SR,5
beastik,beastik,Sinners,24.18%,40.89%,20.43%,46.05%,83.15%,11 °,554 ms,0.9,SINNERS,Rifler,Xtrfy M4 Black,Xtrfy M4,12.07,5.76,3.94,M,67,Ergonomic,"1,000",500,450,1.1,0,6,1,240,1024x768,4:03,Xtrfy GP1,6
blameF,blameF,Complexity,15.27%,42.98%,17.61%,45.50%,85.56%,8.67 °,488 ms,1.5,coL,Rifler,SteelSeries Rival 310,SteelSeries Rival 310,12.76,7.1,4.198,L,88.3,Ergonomic,"1,000",400,600,1.2,0,6,1,240,1920x1080,16:09,SteelSeries QcK+,5
BnTeT,BnTeT,EXTREMUM,14.50%,44.62%,21.14%,48.14%,78.77%,11.59 °,511 ms,1.1,Extremum,Rifler,SteelSeries Sensei Raw,SteelSeries Sensei Raw,12.55,6.83,3.87,M,90,Ambidextrous,"1,000",810,668,1.1,0,5,0,240,1024x768,4:03,Zowie G-SR-SE Divina Blue Edition,4
broky,broky,FaZe,21.95%,44.35%,24.61%,42.14%,81.32%,8.72 °,456 ms,1.9,FaZe Clan,AWPer,Logitech G Pro X Superlight White,Logitech G Pro X Superlight,12.5,6.35,4,M / L,63,Ambidextrous,"1,000",400,760,1,0,6,1,240,1280x960,4:03,SteelSeries QcK+,5
Brollan,Brollan,fnatic,21.06%,40.75%,20.75%,43.71%,80.36%,10.22 °,507 ms,1.3,Fnatic,Rifler,Zowie EC2-A,Zowie EC2-A,12,6.4,4,M,93,Ergonomic,"1,000",800,"1,040",1,0,6,1,240,1920x1080,16:09,Fnatic Gear DASH,3
bubble,bubble,Fiend,18.65%,36.62%,14.55%,39.12%,75.55%,9.78 °,534 ms,1.75,Fiend,AWPer,Zowie EC2-A White Edition,Zowie EC2-A,12,6.4,4,M,93,Ergonomic,"1,000",400,700,1,0,6,1,240,1920x1080,16:09,SteelSeries QcK Heavy,5
Buster,buster,Virtus.pro,21.46%,42.52%,21.80%,46.21%,85.10%,9.19 °,481 ms,2.2,Virtus.pro,Rifler,Zowie ZA12,Zowie ZA12,12.4,6.4,3.9,M,85,Ambidextrous,"1,000",400,880,1,0,6,1,240,1280x960,4:03,Zowie G-SR,5
Bymas,Bymas,mousesports,17.99%,38.91%,20.29%,43.77%,84.02%,10.27 °,475 ms,1.55,Mouz,Rifler,Logitech G403 HERO,Logitech G403,12.4,6.8,4.3,L,87.3,Ergonomic,"1,000",800,"1,240",1,0,6,1,240,1280x960,4:03,Razer Goliathus Speed,4
cadiaN,cadiaN,Heroic,17.59%,42.10%,19.44%,38.67%,67.90%,8.31 °,448 ms,2.3,Heroic,AWPer,Logitech G Pro X Superlight Black,Logitech G Pro X Superlight,12.5,6.35,4,M / L,63,Ambidextrous,"1,000",400,920,1,0,6,1,240,1280x960,4:03,Logitech G640,5
CeRq,CeRq,Evil Geniuses,21.16%,43.97%,16.82%,42.54%,91.80%,8.37 °,493 ms,2.2,EG,AWPer,Logitech G Pro X Superlight Black,Logitech G Pro X Superlight,12.5,6.35,4,M / L,63,Ambidextrous,"1,000",400,880,0.7,0,6,1,240,1024x768,4:03,Zowie G-SR,5
degster,degster,Spirit,26.62%,44.47%,23.19%,38.82%,83.77%,8.49 °,505 ms,2.75,Spirit,AWPer,Logitech G Pro X Superlight Black,Logitech G Pro X Superlight,12.5,6.35,4,M / L,63,Ambidextrous,"1,000",400,"1,100",1,0,6,1,240,1280x960,4:03,Zowie G-SR,5
DemQQ,DemQQ,Akuma,23.82%,36.39%,13.87%,36.51%,83.71%,9.79 °,515 ms,1.3,Akuma,Rifler,Logitech G403,Logitech G403,12.4,6.8,4.3,L,87.3,Ergonomic,"1,000",800,"1,040",1,0,6,1,240,1280x960,4:03,Logitech G640,5
device,device,NiP,22.61%,43.63%,18.95%,40.24%,82.47%,7.53 °,478 ms,2,NiP,AWPer,Logitech G Pro X Superlight Black,Logitech G Pro X Superlight,12.5,6.35,4,M / L,63,Ambidextrous,"1,000",400,800,1.1,0,6,1,240,1280x960,4:03,Razer Gigantus V2,5
Djoko,Djoko,DBL PONEY,27.51%,39.25%,16.43%,42.80%,85.32%,10.82 °,535 ms,1,DBL,Rifler,Zowie ZA12,Zowie ZA12,12.4,6.4,3.9,M,85,Ambidextrous,"1,000",800,800,0.7,0,6,1,240,1280x1024,4:03,SteelSeries QcK Heavy,5
doto,doto,ENCE,22.67%,37.17%,14.54%,36.44%,78.24%,10.59 °,531 ms,0.7,ENCE,Rifler,Logitech G Pro X Superlight White,Logitech G Pro X Superlight,12.5,6.35,4,M / L,63,Ambidextrous,"1,000",800,560,1,0,6,1,360,1280x960,4:03,Logitech G640 ENCE Edition,5
dycha,dycha,ENCE,22.90%,37.66%,15.81%,40.17%,77.80%,10.25 °,539 ms,2,ENCE,Rifler,Logitech G Pro Wireless,Logitech G Pro Wireless,12.5,6.35,4,M / L,80,Ambidextrous,"1,000",400,800,1,0,6,1,240,1280x960,4:03,Logitech G640,5
Edward,Edward,KHAN,21.41%,42.94%,19.35%,44.50%,83.16%,10.94 °,531 ms,1.9,FA,Rifler,Logitech G Pro X Superlight Black,Logitech G Pro X Superlight,12.5,6.35,4,M / L,63,Ambidextrous,500,400,760,1,0,6,1,240,1152x864,4:03,SteelSeries QcK Heavy,5
El1an,El1an,Entropiq,20.09%,46.43%,24.69%,38.42%,82.72%,6.3 °,467 ms,1.5,Entropiq,AWPer,Logitech G Pro HERO,Logitech G Pro HERO Gaming Mouse,11.6,6.2,3.8,S,83,Ambidextrous,500,800,"1,200",0.82,0,6,1,240,1440x1080,4:03,Zowie G-SR-SE Red Edition,4
electronic,electronic,Natus Vincere,18.99%,40.75%,20.85%,43.07%,84.58%,11.1 °,513 ms,2.2,NaVi,Rifler,Logitech G Pro X Superlight White,Logitech G Pro X Superlight,12.5,6.35,4,M / L,63,Ambidextrous,"1,000",400,880,1.05,0,6,1,240,1280x960,4:03,Razer Goliathus Control,6
EliGE,EliGE,Liquid,18.62%,41.05%,17.90%,43.10%,76.97%,10.86 °,524 ms,0.74,Liquid,Rifler,Logitech G Pro Wireless SE,Logitech G Pro Wireless,12.5,6.35,4,M / L,80,Ambidextrous,"1,000","1,600","1,184",0.8,0,6,1,360,1680x1050,16:10,Artisan Hien FX Soft,3
es3tag,es3tag,Cloud9,12.73%,40.83%,16.06%,44.46%,70.87%,10.7 °,510 ms,1.4,coL,AWPer,Zowie ZA12,Zowie ZA12,12.4,6.4,3.9,M,85,Ambidextrous,"1,000",800,"1,120",1,0,6,1,240,1280x960,4:03,SteelSeries QcK+,5
Ethan,Ethan,EXTREMUM,19.53%,41.83%,17.34%,46.64%,81.16%,11.9 °,509 ms,2.1,Retired,Rifler,Logitech G Pro Wireless,Logitech G Pro Wireless,12.5,6.35,4,M / L,80,Ambidextrous,"1,000",400,840,0.77,0,6,1,240,1024x768,4:03,Razer Gigantus,6
FalleN,FalleN,Liquid,21.63%,42.15%,16.73%,33.59%,70.34%,9.35 °,455 ms,2.2,Liquid,AWPer,Zowie EC1-A,Zowie EC1-A,12.8,6.9,4.3,L,94,Ergonomic,"1,000",400,880,1,0,6,1,360,1680x1050,16:10,GFallen Pantera Extended,4
fame,fame,K23,24.12%,41.53%,20.38%,41.76%,86.36%,10 °,520 ms,1.1,K23,Rifler,Logitech G Pro X Superlight Black,Logitech G Pro X Superlight,12.5,6.35,4,M / L,63,Ambidextrous,"1,000",800,880,1,0,6,1,240,1280x960,4:03,Logitech G640,5
farlig,Farlig,FunPlus Phoenix,26.40%,44.44%,24.63%,39.52%,86.05%,9.29 °,501 ms,2.14,FPX,AWPer,Zowie EC2-A,Zowie EC2-A,12,6.4,4,M,93,Ergonomic,"1,000",400,856,1,0,6,1,240,1024x768,4:03,Zowie G-SR-SE,4
floppy,floppy,Free agent,18.87%,41.67%,16.97%,47.40%,87.03%,11.36 °,502 ms,2.2,Retired,Rifler,Logitech G Pro X Superlight Black,Logitech G Pro X Superlight,12.5,6.35,4,M / L,63,Ambidextrous,"1,000",400,880,1,0,6,1,240,1600x900,16:09,HyperX FURY S Pro,4
flusha,flusha,GORILLAZ,16.13%,35.74%,14.22%,37.32%,77.19%,10.2 °,530 ms,1.9,GORILLAZ,Rifler,Logitech G703 White Edition,Logitech G703,12.4,6.8,4.3,L,107,Ergonomic,"1,000",400,760,0.87,0,6,1,240,1024x768,4:03,Fnatic Gear FOCUS 2,4
Forester,Forester,Entropiq,20.84%,38.39%,18.31%,39.92%,85.15%,10.49 °,525 ms,0.7,Entropiq,Rifler,Zowie FK2,Zowie FK2,12.4,5.8,3.6,S,85,Ambidextrous,"1,000",800,560,1,0,6,1,240,1280x1024,4:03,HyperX FURY S Speed Edition,4
Furlan,Furlan,AGO,22.51%,36.36%,14.44%,37.36%,79.42%,10.65 °,563 ms,1.3,AGO,Rifler,Zowie EC1-A,Zowie EC1-A,12.8,6.9,4.3,L,94,Ergonomic,"1,000",800,"1,040",1,0,6,1,240,1440x1080,4:03,SteelSeries QcK+,5
gade,gade,North,20.38%,45.19%,19.71%,50.52%,82.82%,11.82 °,518 ms,2.2,BIG,Rifler,Zowie EC1-B,Zowie EC1-B,12.8,6.9,4.3,L,94,Ergonomic,"1,000",400,880,1,0,6,1,240,1280x960,4:03,Zowie G-SR,5
gla1ve,gla1ve,Astralis,17.96%,36.71%,14.44%,40.33%,74.12%,10.35 °,515 ms,2.1,Astralis,Rifler,Zowie EC1-A,Zowie EC1-A,12.8,6.9,4.3,L,94,Ergonomic,"1,000",400,840,1,0,6,1,240,1280x960,4:03,Logitech G640 Astralis Edition,5
Golden,Golden,fnatic,21.03%,35.49%,12.64%,39.35%,75.28%,9.8 °,510 ms,1.6,FA,Rifler,Zowie EC2-A,Zowie EC2-A,12,6.4,4,M,93,Ergonomic,"1,000",400,640,1,0,6,1,240,1280x960,4:03,Fnatic Gear DASH,3
grim,Grim,Liquid,17.14%,42.84%,20.47%,48.55%,77.18%,11.48 °,505 ms,1.35,Liquid,Rifler,Logitech G Pro X Superlight Black,Logitech G Pro X Superlight,12.5,6.35,4,M / L,63,Ambidextrous,"1,000",400,540,1,0,6,1,240,1920x1080,16:09,X-raypad ROB Strata Aqua Control Plus,4
hades,hades,ENCE,21.10%,44.01%,22.23%,42.20%,75.82%,8.14 °,502 ms,1.3,ENCE,AWPer,Logitech G Pro X Superlight White,Logitech G Pro X Superlight,12.5,6.35,4,M / L,63,Ambidextrous,"1,000",800,"1,040",1,0,6,1,240,1280x1024,5:04,Zowie G-SR,5
Hampus,hampus,NiP,16.35%,44.96%,18.37%,47.56%,84.69%,9.22 °,496 ms,1.67,NiP,Rifler,Razer DeathAdder Elite,Razer DeathAdder Elite,12.7,7,4.4,L,105,Ergonomic,"1,000",400,668,0.78,0,6,1,240,1280x800,16:10,QPAD FX-50,3
HObbit,Hobbit,Gambit,17.61%,44.33%,18.61%,41.97%,86.22%,10.51 °,524 ms,1.1,Gambit,Rifler,Logitech G Pro X Superlight White,Logitech G Pro X Superlight,12.5,6.35,4,M / L,63,Ambidextrous,"1,000",800,880,0.75,0,6,1,240,1280x960,4:03,SteelSeries QcK+,5
honda,honda,FURIA,20.89%,39.57%,14.48%,42.60%,82.25%,10.61 °,570 ms,1.49,FURIA,Rifler,Logitech G Pro Wireless,Logitech G Pro Wireless,12.5,6.35,4,M / L,80,Ambidextrous,"1,000",800,"1,192",1,0,6,1,240,1280x960,4:03,Zowie G-SR-SE Deep Blue,4
huNter,huNter,G2,19.94%,45.59%,20.91%,49.59%,77.66%,11.78 °,489 ms,2.15,G2,Rifler,Logitech G Pro X Superlight Black,Logitech G Pro X Superlight,12.5,6.35,4,M / L,63,Ambidextrous,"1,000",400,860,1,0,6,1,240,1280x960,4:03,Logitech G640,5
iDISBALANCE,iDISBALANCE,Nemiga,17.59%,44.33%,23.26%,43.28%,83.62%,7.51 °,462 ms,1.35,Nemiga,AWPer,Logitech G Pro X Superlight White,Logitech G Pro X Superlight,12.5,6.35,4,M / L,63,Ambidextrous,"1,000",800,"1,080",1,0,6,1,240,1152x864,4:03,Logitech G640,5
interz,interz,Gambit,18.60%,39.52%,19.80%,41.74%,83.21%,10.65 °,524 ms,1,Gambit,Rifler,Xtrfy M4 Black,Xtrfy M4,12.07,5.76,3.94,M,67,Ergonomic,"1,000",800,800,1,0,6,1,240,1280x960,4:03,HyperX FURY S Pro,4
Jame,Jame,Virtus.pro,23.93%,47.44%,24.09%,26.56%,67.56%,6.81 °,434 ms,0.63,Virtus.pro,AWPer,Logitech G Pro Wireless,Logitech G Pro Wireless,12.5,6.35,4,M / L,80,Ambidextrous,"1,000","1,600","1,008",1,0,6,1,240,1024x768,4:03,Zowie G-SR,5
Jamppi,Jamppi,Free agent,19.99%,39.53%,17.38%,44.01%,75.18%,11.76 °,484 ms,1,Retired,AWPer,Logitech G703,Logitech G703,12.4,6.8,4.3,L,107,Ergonomic,"1,000",800,800,1,0,6,1,240,1440x1080,4:03,Logitech G640 ENCE Edition,5
jkaem,jkaem,EXTREMUM,20.98%,34.47%,16.18%,38.04%,70.88%,9.37 °,508 ms,1.6,Extremum,Rifler,Zowie EC1-A,Zowie EC1-A,12.8,6.9,4.3,L,94,Ergonomic,"1,000",400,640,1,0,5,1,240,1024x768,4:03,SteelSeries QcK Heavy,5
jks,jks,Complexity,20.87%,41.09%,18.28%,42.98%,80.67%,10.5 °,510 ms,1.9,coL,Rifler,Zowie EC1-A,Zowie EC1-A,12.8,6.9,4.3,L,94,Ergonomic,"1,000",400,760,1,0,6,1,240,1024x768,4:03,Zowie G-SR,5
JT,JT,Extra Salt,18.95%,39.13%,16.87%,43.04%,85.91%,10.74 °,525 ms,2.75,Extra Salt,Rifler,Xtrfy M4 White,Xtrfy M4,12.07,5.76,3.94,M,67,Ergonomic,"1,000",400,"1,100",1,0,6,1,240,1280x960,4:03,Logitech G640,5
k1to,k1to,BIG,26.23%,36.73%,18.65%,40.12%,81.54%,10.49 °,562 ms,1.2,BIG,Rifler,Logitech G Pro X Superlight White,Logitech G Pro X Superlight,12.5,6.35,4,M / L,63,Ambidextrous,"1,000",400,480,1.1,0,6,1,240,1152x864,4:03,Zowie G-SR-SE,4
kioShiMa,kioShiMa,Free agent,22.90%,37.60%,12.58%,40.14%,79.41%,9.65 °,515 ms,2.2,Heretics,Rifler,Logitech G Pro Wireless,Logitech G Pro Wireless,12.5,6.35,4,M / L,80,Ambidextrous,"1,000",400,880,1,0,6,1,240,1280x960,4:03,HyperX FURY S Speed Edition,4
Kjaerbye,Kjaerbye,Free agent,22.18%,37.65%,16.28%,40.37%,80.63%,10.01 °,508 ms,1.6,Retired,Rifler,Logitech G Pro Wireless,Logitech G Pro Wireless,12.5,6.35,4,M / L,80,Ambidextrous,"1,000",400,640,0.8,0,6,1,240,800x600,4:03,SteelSeries QcK FaZe Clan Edition,5
Kristou,Kristou,Free agent,30.51%,39.66%,19.57%,26.60%,77%,9 °,465 ms,2,FA,Rifler,Zowie EC2-A,Zowie EC2-A,12,6.4,4,M,93,Ergonomic,"1,000",400,800,1,0,6,1,240,1024x768,4:03,SteelSeries QcK+,5
krizzen,KrizzeN,Free agent,17.09%,34.33%,15.29%,41.50%,79.59%,10.9 °,558 ms,2.28,FA,Rifler,Zowie EC2-A,Zowie EC2-A,12,6.4,4,M,93,Ergonomic,"1,000",400,912,1,0,7,1,240,1680x1050,16:10,Zowie G-SR,5
kscerato,kscerato,FURIA,17.95%,39.95%,17.11%,44.44%,77.54%,10.17 °,488 ms,1.34,FURIA,Rifler,Logitech G Pro X Superlight Custom,Logitech G Pro X Superlight,12.5,6.35,4,M / L,63,Ambidextrous,"1,000",800,"1,069",1,0,5,1,240,1920x1080,16:09,VAXEE ZYGEN PA,4
Lekr0,Lekr0,Dignitas,21.03%,38.14%,15.10%,40.64%,75.59%,9.61 °,534 ms,1,Dignitas,Rifler,Logitech G Pro Wireless,Logitech G Pro Wireless,12.5,6.35,4,M / L,80,Ambidextrous,"1,000",800,800,0.59,0,6,1,360,1440x1080,4:03,Xtrfy XTP1 f0rest Edition,5
leo_drk,leo_drk,O PLANO,22.48%,34.23%,15.81%,36.95%,73.02%,11.98 °,502 ms,1.4,00Nation,Rifler,Glorious Model D Matte Black,Glorious Model D,12.8,6.3,4.2,M/L,68,Ergonomic,"1,000",400,560,1.12,1,6,1,240,1280x1024,5:04,HyperX FURY S Pro,4
Liazz,Liazz,EXTREMUM,17.66%,35.77%,15.40%,40.47%,75.08%,10.65 °,526 ms,1.04,Extremum,Rifler,Zowie EC2-B,Zowie EC2-B,12,6.4,4,M,90,Ergonomic,500,800,832,1,0,6,1,240,1280x960,4:03,Zowie G-SR,5
LNZ,LNZ,NiP,23.19%,39.51%,20.53%,43.99%,84.81%,9.87 °,518 ms,1.7,NiP,Rifler,Logitech G Pro X Superlight White,Logitech G Pro X Superlight,12.5,6.35,4,M / L,63,Ambidextrous,"1,000",400,680,1,0,6,1,360,1024x768,4:03,Logitech G640,5
LUCAS1,LUCAS1,O PLANO,16.06%,36.05%,12.58%,41.44%,75.87%,10.65 °,510 ms,2,00Nation,Rifler,Zowie EC2-A White Edition,Zowie EC2-A,12,6.4,4,M,93,Ergonomic,"1,000",400,800,1,0,6,1,240,1024x768,4:03,Razer Gigantus MIBR Edition,6
meyern,meyern,Furious,30.49%,38.39%,20.12%,36.45%,90.15%,10.65 °,519 ms,2.5,9z Team,Rifler,Zowie EC1-B,Zowie EC1-B,12.8,6.9,4.3,L,94,Ergonomic,"1,000",400,"1,000",1,0,6,1,240,1024x768,4:03,SteelSeries QcK+ Limited,5
mir,mir,Spirit,22.80%,40.88%,17.65%,43.59%,88.30%,10.54 °,530 ms,1.55,Spirit,Rifler,Zowie EC2-A,Zowie EC2-A,12,6.4,4,M,93,Ergonomic,"1,000",400,620,1,0,6,1,240,1280x960,4:03,SteelSeries QcK Heavy,5
n0rb3r7,n0rb3r7,K23,21.11%,41.47%,17.84%,43.38%,77.53%,11.04 °,520 ms,1.7,K23,Rifler,Zowie EC2-B,Zowie EC2-B,12,6.4,4,M,90,Ergonomic,"1,000",800,"1,360",1,0,6,1,240,1440:900,16:10,Zowie G-SR-SE Tyloo Edition,4
nafany,nafany,Gambit,18.72%,39.90%,18.46%,45.80%,79.58%,11.58 °,496 ms,2,Gambit,Rifler,Razer Viper Ultimate,Razer Viper Ultimate,12.67,6.62,3.781,M,74,Ambidextrous,"1,000",400,800,1,0,6,1,240,1280x960,4:03,Logitech G640,5
nawwk,nawwk,NiP,22.14%,39.28%,19.52%,32.38%,78.64%,7.83 °,491 ms,3.09,FA,AWPer,Logitech G Pro X Superlight White,Logitech G Pro X Superlight,12.5,6.35,4,M / L,63,Ambidextrous,"1,000",400,"1,236",1,0,6,1,240,1280x960,4:03,Zowie G-SR,5
NBK,NBK-,Free agent,23.01%,37.38%,12.63%,40.25%,87.53%,10.21 °,551 ms,1.3,Retired,Rifler,Razer Viper Ultimate,Razer Viper Ultimate,12.67,6.62,3.781,M,74,Ambidextrous,"1,000",800,"1,040",0.9,0,6,1,240,1280x1024,5:04,2x Logitech G640,5
nexa,nexa,G2,22.29%,39.14%,20.37%,41.75%,80.47%,10.88 °,515 ms,1.22,G2,Rifler,Logitech G403 HERO,Logitech G403,12.4,6.8,4.3,L,87.3,Ergonomic,"1,000",800,976,1,0,6,1,240,1024x768,4:03,Logitech G640,5
Nickelback,NickelBack,Entropiq,14.44%,38.29%,15.37%,42.35%,72.93%,10.35 °,514 ms,0.8,Entropiq,Rifler,Logitech G Pro X Superlight White,Logitech G Pro X Superlight,12.5,6.35,4,M / L,63,Ambidextrous,"1,000",800,640,0.98,0,6,1,240,1280x960,4:03,Logitech G640,5
NiKo,NiKo,G2,22.72%,44.66%,21.19%,46.70%,88.24%,8.98 °,500 ms,1.51,G2,Rifler,Zowie S1,Zowie S1,12.6,6.6,3.9,M,87,Ambidextrous,"1,000",400,604,0.9,0,6,1,240,1280x960,4:03,Logitech G640,5
Nivera,Nivera,Vitality,26.40%,38.44%,17.58%,36.40%,77.30%,9.99 °,525 ms,0.55,Vitality (B),Rifler,Razer DeathAdder Elite,Razer DeathAdder Elite,12.7,7,4.4,L,105,Ergonomic,"1,000",800,440,1,0,6,1,240,1024x768,4:03,Razer Gigantus,6
oSee,oSee,Extra Salt,21.68%,45.39%,25.48%,40.08%,88.95%,7.49 °,469 ms,1,Extra Salt,AWPer,Logitech G Pro Wireless GHOST,Logitech G Pro Wireless,12.5,6.35,4,M / L,80,Ambidextrous,"1,000",800,800,1,0,6,1,240,1280x960,4:03,Zowie G-SR,5
oskar,oskar,Sinners,25.41%,50.66%,24.16%,33.32%,78.08%,7.84 °,477 ms,3.5,SINNERS,AWPer,Razer DeathAdder Elite,Razer DeathAdder Elite,12.7,7,4.4,L,105,Ergonomic,"1,000",400,"1,400",0.8,0,6,1,240,1024x768,4:03,SteelSeries QcK Heavy,5
Perfecto,Perfecto,Natus Vincere,16.50%,39.79%,19.17%,46.75%,75.79%,10.83 °,484 ms,1.35,NaVi,Rifler,Logitech G Pro X Superlight White,Logitech G Pro X Superlight,12.5,6.35,4,M / L,63,Ambidextrous,"1,000",800,"1,080",1,0,6,1,240,1280x1024,5:04,Logitech G640,5
rAge,rAge,KHAN,23.38%,40.70%,17.90%,40.68%,78.04%,7.39 °,472 ms,3.08,FA,AWPer,Xtrfy M4 Black,Xtrfy M4,12.07,5.76,3.94,M,67,Ergonomic,"1,000",400,"1,232",1,0,6,1,240,1024x768,4:03,Xtrfy GP1 Grayhound Edition,6
rallen,rallen,AGO,19.10%,39.38%,17.49%,42.09%,76.19%,9.29 °,499 ms,1.2,AGO,Rifler,Logitech G Pro Wireless,Logitech G Pro Wireless,12.5,6.35,4,M / L,80,Ambidextrous,500,"1,800","2,160",1,0,6,0,240,1440x1080,4:03,Zowie G-SR,5
refrezh,refrezh,Heroic,19.67%,43.49%,21.85%,47.23%,80.90%,11.77 °,494 ms,0.95,Heroic,Rifler,Zowie FK2,Zowie FK2,12.4,5.8,3.6,S,85,Ambidextrous,"1,000",800,760,1,0,6,1,240,1366x768,16:09,Zowie G-SR,5
REZ,REZ,NiP,20.29%,40.26%,17.90%,45.57%,79.31%,9.49 °,488 ms,2.3,NiP,Rifler,Logitech G Pro X Superlight White,Logitech G Pro X Superlight,12.5,6.35,4,M / L,63,Ambidextrous,"1,000",400,920,0.8,0,6,1,360,1280x800,16:10,Logitech G640,5
roeJ,roeJ,Copenhagen Flames,23.32%,36.64%,19.52%,39.68%,76.97%,10.56 °,526 ms,1.95,ML (B),Rifler,Zowie EC2-A,Zowie EC2-A,12,6.4,4,M,93,Ergonomic,"1,000",400,780,1,0,6,1,240,1600x900,16:09,SteelSeries QcK+,5
RUSH,RUSH,Complexity,18.87%,42.41%,20.77%,47.54%,80.47%,10.54 °,510 ms,2.4,FA,Rifler,Logitech G Pro X Superlight Black,Logitech G Pro X Superlight,12.5,6.35,4,M / L,63,Ambidextrous,"1,000",400,960,1,0,6,1,240,1024x768,4:03,HyperX FURY S Speed Edition,4
s1mple,s1mple,Natus Vincere,27.16%,43.56%,21.30%,43.35%,85.66%,7.68 °,468 ms,3.09,NaVi,AWPer,Logitech G Pro X Superlight Black,Logitech G Pro X Superlight,12.5,6.35,4,M / L,63,Ambidextrous,"1,000",400,"1,236",1,0,6,1,240,1280x960,4:03,HATOR INTBS,4
SANJI,Sanji,Virtus.pro,25.55%,36.64%,16.71%,36.75%,85.19%,9.31 °,513 ms,1.22,Virtus.pro,Rifler,Logitech G Pro Wireless,Logitech G Pro Wireless,12.5,6.35,4,M / L,80,Ambidextrous,"1,000",400,488,1,0,6,1,240,1024x768,4:03,SteelSeries QcK Heavy,5
sdy,sdy,Spirit,18.82%,44.07%,19.01%,43.08%,80.85%,11.03 °,505 ms,1,Spirit,Rifler,Zowie ZA12,Zowie ZA12,12.4,6.4,3.9,M,85,Ambidextrous,"1,000",800,800,1,0,6,1,240,1280x1024,5:04,Zowie G-SR-SE Red Edition,4
sergej,sergej,GORILLAZ,19.52%,37.81%,16.94%,38.03%,77.48%,8.76 °,478 ms,2.2,GORILLAZ,Rifler,FinalMouse Ultralight 2,Finalmouse Ultralight 2,11.6,5.3,3.57,S,48,Ambidextrous,500,400,880,1,0,6,1,360,1680x1050,16:10,Logitech G640 ENCE Edition,5
sh1ro,sh1ro,Gambit,18.91%,43.64%,23.99%,39.01%,78.44%,7.29 °,428 ms,1.03,Gambit,AWPer,Xtrfy M4 White,Xtrfy M4,12.07,5.76,3.94,M,67,Ergonomic,"1,000",800,824,1,0,6,1,240,1024x768,4:03,Zowie G-SR,5
SHOCK,SHOCK,Sinners,26.40%,44.93%,20.41%,46.73%,86.48%,9.82 °,529 ms,1.17,SINNERS,Rifler,Xtrfy M4 Black,Xtrfy M4,12.07,5.76,3.94,M,67,Ergonomic,"1,000",400,468,0.8,0,6,1,240,1280x800,16:10,Xtrfy GP1,6
Snappi,Snappi,ENCE,20.41%,35.92%,16.06%,38.54%,76.97%,10.4 °,528 ms,2.3,ENCE,Rifler,Zowie EC2-A,Zowie EC2-A,12,6.4,4,M,93,Ergonomic,"1,000",400,920,1,0,6,1,240,1280x960,4:03,Zowie G-SR DG,4
Sonic,Sonic,Extra Salt,20.97%,37.05%,15.43%,37.80%,84.78%,10.97 °,505 ms,2.5,Extra Salt,Rifler,Glorious Model D Matte White,Glorious Model D,12.8,6.3,4.2,M/L,68,Ergonomic,"1,000",400,"1,000",1,0,6,1,240,1280x960,4:03,SteelSeries QcK+,5
Spinx,Spinx,ENCE,25.52%,37.91%,17.43%,41%,83.56%,10.33 °,507 ms,1.2,ENCE,Rifler,Logitech G Pro Wireless,Logitech G Pro Wireless,12.5,6.35,4,M / L,80,Ambidextrous,"1,000",900,"1,080",1,0,6,1,240,1280x960,4:03,Logitech G640,5
stadodo,stadodo,sAw,21.09%,36.24%,13.23%,31.53%,73.23%,10.42 °,497 ms,2.4,sAw,AWPer,Logitech G Pro Wireless,Logitech G Pro Wireless,12.5,6.35,4,M / L,80,Ambidextrous,"1,000",400,960,1,0,6,1,240,1280x1024,5:04,Corsair MM200,6
stanislaw,stanislaw,Evil Geniuses,19.52%,40.21%,17.87%,46.26%,83.63%,10.68 °,561 ms,2.5,EG (B),Rifler,Razer Viper Ultimate EG Edition,Razer Viper Ultimate,12.67,6.62,3.781,M,74,Ambidextrous,"1,000",400,"1,000",1,0,6,1,240,1024x768,4:03,Razer Gigantus EG Edition,6
stavn,stavn,Heroic,16.61%,36.84%,15.38%,40.43%,74.68%,9.63 °,464 ms,2.6,Heroic,Rifler,Zowie EC2-A,Zowie EC2-A,12,6.4,4,M,93,Ergonomic,"1,000",400,"1,040",1,0,6,1,240,1024x768,4:03,SteelSeries QcK Heavy,5
Stewie2k,Stewie2K,Liquid,20.19%,37.77%,17.69%,38.27%,79.37%,11.08 °,507 ms,2,Liquid,Rifler,SteelSeries Sensei Raw,SteelSeries Sensei Raw,12.55,6.83,3.87,M,90,Ambidextrous,"1,000",450,900,1.1,0,6,1,360,1024x768,4:03,SteelSeries QcK Large,5
STYKO,STYKO,FunPlus Phoenix,24.73%,37.13%,14.69%,34.97%,75.56%,9.55 °,488 ms,1.4,FPX,Rifler,Logitech G Pro Wireless,Logitech G Pro Wireless,12.5,6.35,4,M / L,80,Ambidextrous,"1,000",400,560,0.8,0,6,1,240,1440x1080,4:03,Zowie G-SR,5
svyat,svyat,AVE,20.29%,35.04%,16.40%,36.63%,84.25%,12.56 °,547 ms,0.63,FA,Rifler,Cooler Master MM530,Cooler Master Mastermouse MM530,12.48,6.04,4.02,M / L,99,Ergonomic,"1,000","1,200",750,0.8,0,6,1,240,1920x1080,16:09,SteelSeries QcK Heavy,5
syrsoN,syrsoN,BIG,27.14%,47.55%,29.73%,14.83%,53.50%,7.43 °,464 ms,0.92,BIG,AWPer,Logitech G Pro X Superlight White,Logitech G Pro X Superlight,12.5,6.35,4,M / L,63,Ambidextrous,"1,000","1,600","1,472",0.9,0,6,1,240,1280x960,4:03,Zowie G-SR-SE Divina Blue Edition,4
tabseN,tabseN,BIG,22.49%,40.38%,15.44%,44.36%,82.44%,10.52 °,557 ms,1.28,BIG,AWPer,Logitech G Pro X Superlight White,Logitech G Pro X Superlight,12.5,6.35,4,M / L,63,Ambidextrous,"1,000",400,512,1.1,0,6,1,360,1920x1080,16:09,Corsair MM250,6
TACO,TACO,GODSENT,21.75%,39.02%,13.49%,36.14%,84.02%,10.57 °,554 ms,1.5,GODSENT,Rifler,Razer Viper Ultimate,Razer Viper Ultimate,12.67,6.62,3.781,M,74,Ambidextrous,"1,000",400,600,1,0,6,1,240,1152x864,4:03,GFallen Legends,4
tarik,tarik,Evil Geniuses,14.27%,40.81%,18.20%,43.06%,77.21%,12.34 °,530 ms,1.1,FA,Rifler,Razer Viper Ultimate,Razer Viper Ultimate,12.67,6.62,3.781,M,74,Ambidextrous,"1,000",800,880,1,0,6,1,144,1920x1080,16:09,Razer Gigantus V2,5
teses,TeSeS,Heroic,22.67%,38.14%,16.93%,41.45%,79.49%,10.97 °,515 ms,1.1,Heroic,Rifler,Logitech G Pro X Superlight Black,Logitech G Pro X Superlight,12.5,6.35,4,M / L,63,Ambidextrous,"1,000",800,880,1,0,6,1,240,1280x960,4:03,SteelSeries QcK Heavy,5
Thomas,Thomas,Endpoint,15.15%,38.09%,15.72%,40.89%,76.40%,10.78 °,534 ms,1.4,Endpoint,Rifler,Zowie FK2,Zowie FK2,12.4,5.8,3.6,S,85,Ambidextrous,"1,000",400,560,1,0,6,1,240,1920x1080,16:09,HyperX FURY S Speed Edition,4
tizian,tiziaN,BIG,20.08%,37.74%,13.58%,43.44%,77.05%,11.22 °,525 ms,1.7,BIG,Rifler,Logitech G Pro X Superlight White,Logitech G Pro X Superlight,12.5,6.35,4,M / L,63,Ambidextrous,"1,000",400,680,1,0,6,1,240,1920x1080,16:09,Logitech G640,5
twist,twist,MANS NOT HOT,17.76%,35.71%,12.68%,39.34%,78.90%,9.47 °,505 ms,2,FA,Rifler,Glorious Model D Matte Black,Glorious Model D,12.8,6.3,4.2,M/L,68,Ergonomic,"1,000",400,800,1,0,6,1,240,1600x900,16:09,SteelSeries QcK Heavy,5
v1c7oR,v1c7oR,Fiend,18.34%,35.61%,15.69%,40.45%,77.14%,9.81 °,543 ms,1.7,Fiend,Rifler,Logitech G Pro Wireless,Logitech G Pro Wireless,12.5,6.35,4,M / L,80,Ambidextrous,"1,000",450,765,1,0,6,1,144,1280x960,4:03,Zowie G-SR DG,4
valde,valde,OG,20.78%,43.29%,14.25%,43.89%,85.43%,9.76 °,555 ms,1.65,OG,Rifler,Logitech G Pro Wireless,Logitech G Pro Wireless,12.5,6.35,4,M / L,80,Ambidextrous,"1,000",400,660,1,0,6,1,240,1280x960,4:03,SteelSeries QcK Heavy,5
VINI,VINI,FURIA,18.38%,39.57%,15.74%,46.38%,79.92%,10.55 °,517 ms,0.48,FURIA,Rifler,Logitech G Pro Wireless,Logitech G Pro Wireless,12.5,6.35,4,M / L,80,Ambidextrous,"1,000","1,600",764,1,0,6,1,240,1920x1080,16:09,Gigabyte Aorus AMP500,2
vsm,vsm,O PLANO,20.05%,42.44%,18.37%,45.15%,83.33%,9.38 °,531 ms,1.2,00Nation,Rifler,Zowie EC2-A,Zowie EC2-A,12,6.4,4,M,93,Ergonomic,"1,000",800,960,1,0,6,1,240,1152x864,4:03,Razer Gigantus Team Razer Edition,6
xms,xms,Free agent,23.47%,38.14%,19.50%,38.57%,79.64%,13.54 °,537 ms,1.42,Retired,Rifler,Logitech G703,Logitech G703,12.4,6.8,4.3,L,107,Ergonomic,"1,000",800,"1,136",1,0,0,0,240,1280x800,16:10,Zowie G-SR,5
yuurih,yuurih,FURIA,16.52%,39.50%,16.22%,43.21%,77.35%,9.56 °,484 ms,2.5,FURIA,Rifler,Logitech G Pro X Superlight Black,Logitech G Pro X Superlight,12.5,6.35,4,M / L,63,Ambidextrous,"1,000",400,"1,000",1,0,6,1,240,1024x768,4:03,HyperX FURY S Pro,4
ZEDKO,ZEDKO,Sinners,23.80%,42.02%,22.05%,45.97%,87.06%,10.47 °,536 ms,0.95,SINNERS,Rifler,Xtrfy M4 Black,Xtrfy M4,12.07,5.76,3.94,M,67,Ergonomic,"1,000",800,760,0.5,0,6,1,240,1152x864,4:03,Zowie G-SR,5
zehN,zehN,FunPlus Phoenix,20.54%,44.94%,21.14%,44.65%,85.75%,10.2 °,518 ms,1.5,FPX,Rifler,Logitech G Pro Wireless,Logitech G Pro Wireless,12.5,6.35,4,M / L,80,Ambidextrous,"1,000",400,600,1,0,5,1,240,1280x960,4:03,Logitech G440,1
